id,title,score,num_comments,author,selftext,created_utc,url,upvote_ratio,over_18,edited,spoiler,stickied
1ecprz3,r/Garmin Monthly Challenge,29,30,Andrew_R3D,"Hey everyone,

We are thrilled to welcome you all to our monthly fitness challenge, hosted by **Garmin Buddies**! This initiative is designed to bring our community together, motivating each other to work out, and focus on crushing our fitness goals. Whether you're a seasoned athlete or just starting your fitness journey, there's something here for everyone.

**Challenge Types**:

**Steps Challenge**:¬†Get moving and count those steps!

**Pushes Challenge**:¬†For our wheelchair friends, every push counts!

**Running Challenge**:¬†Lace up those shoes and hit the pavement.

**Cycling Challenge**:¬†Pedal your way to fitness.

**Swimming Challenge**:¬†Dive in and make a splash.

**Walking Challenge**:¬†Take it one step at a time.

We are incredibly proud of the continuous efforts and dedication we see from our community. Your participation and commitment are what make r/Gamin such a special place. Thank you for being a part of this journey and for inspiring each other to be better every day.

Remember, the goal is to be better than yesterday. Let‚Äôs crush these challenges together!



- The Mod Staff


**********************

  
**How to join**

  
Join [Garmin Buddies ](https://connect.garmin.com/modern/group/3964498/feed)here! Challenges are auto enrolled, meaning by joining the group you are automatically entered into the respective challenges. 

  
PS! - Though it should go without saying, we must adhere to the same rules within this community in our challenges. While this is a place to have fun, we should all still maintain a standard of professionalism at all times. Failure to do so will result in you being removed from existing and future events and may result in a ban.

  
By partaking in each challenge you‚Äôre agreeing to terms listed above.",1722004874.0,https://www.reddit.com/r/Garmin/comments/1ecprz3/rgarmin_monthly_challenge/,1.0,False,1722005073.0,False,True
1he047h,Just ran my first 5K!,327,22,W3kkuli,"Some information: started the program in the end of September and according to the Coach Jeff, I should have run the 5K in the end of November, but we moved to a new home in the end of November so I didn‚Äôt have time to run at all for the past 3 weeks. 

I tried to finish under 40 minutes, but my stomach started to hurt really bad after 3 kilometers. But hey, I did finish it and I am proud of it, no matter the time. Maybe I‚Äôll start training for 10K in the spring!",1734171666.0,https://i.redd.it/5dg3vuopis6e1.jpeg,0.99,False,0.0,False,False
1hdv85u,The old age or garmin,254,36,Distinct-Attitude467,Forerunner 305,1734151399.0,https://i.redd.it/iqp29szeuq6e1.jpeg,0.98,False,0.0,False,False
1he3fxa,What‚Äôs everyone wearing on their watch this weekend?,19,21,exalted_muse_bush,"I have trouble committing to just one. But this is the Free Relux Submarino, and I set it to rotate through all the themes each day. 

https://apps.garmin.com/en-US/apps/38e57154-0e8d-4089-9af1-317ec27e1774",1734184807.0,https://www.reddit.com/gallery/1he3fxa,0.91,False,0.0,False,False
1he1e8n,"20min Zone 5, Trainings Effect Anearob 0?",23,32,Commercial-Brother15,"Hey all,

during the Parkrun today I was more than 20min in my zone 5. Why does Garmin consider this with an anaerobic effect of 0? ",1734177407.0,https://www.reddit.com/gallery/1he1e8n,0.96,False,0.0,False,False
1hdrycm,Got it done! Ready for 2025üòä,123,10,Super_Turn_6050,Aiming to complete all stages next year. Anyone else? ,1734140275.0,https://i.redd.it/y0mi3ggdxp6e1.jpeg,0.98,False,0.0,False,False
1hdrrm5,Look what I did,60,15,RawReccos,,1734139684.0,https://i.redd.it/tb0ku88mvp6e1.jpeg,0.98,False,0.0,False,False
1hdjw1b,Aimed for a 10k PB in the cold and rain - Started running in August at 350lbs,173,11,N3onDr1v3,,1734117415.0,https://i.redd.it/x6pcbqnd1o6e1.png,0.99,False,0.0,False,False
1he3097,Phobia ,5,2,samsara7890,Close encounter with a mouse at 3am when I have a truly ingrained lifelong phobia.,1734183372.0,https://i.redd.it/j0cvioqiht6e1.jpeg,0.78,False,0.0,False,False
1he2d30,Chunk of sleep missing?,5,21,InternalVermicelli73,"Anyone else have random missing gaps? This has happened twice in the last week. Breathing, heart rate, and movement also all stop during the gap. I assume it‚Äôs just not reading for some reason during that gap. I also noticed that twice this week it said my brpm during sleep was below 10. Every other night is between 12-15. And only seems to dip that low once. Could those just also be inaccurate readings? They seem to just be random outliers . ",1734181235.0,https://i.redd.it/nj4fbxz5bt6e1.jpeg,0.78,False,0.0,False,False
1he4q91,"HRM pro +, deteriorating?",3,6,bowmasterflex99,"Anyone notice that even if it seems to work, it‚Äôs not giving reliable readings? It‚Äôs about 1 years old I think, but used a lot. 
Around 5000km and a few battery changes.
It seems to be either to low or to high, usually to high, but still not so strange that it shows big spikes or so, just consistent high readings often, which affects Garmin  VO2max for instance by a lot for a while now.",1734188630.0,https://www.reddit.com/r/Garmin/comments/1he4q91/hrm_pro_deteriorating/,1.0,False,0.0,False,False
1he745o,Joining the Unproductive gang,2,1,senthilrameshjv,Two weeks into Garmin ecosystem and I‚Äôm Unproductive. ,1734195421.0,https://www.reddit.com/r/Garmin/comments/1he745o/joining_the_unproductive_gang/,1.0,False,0.0,False,False
1he40by,How accurate is the race predictor in your opinion?,3,12,Temporary-Coach-8363,"My Garmin thinks I can run a full marathon in 3:11 which seems extremely optimistic. Yesterday I ran a half marathon (not in a race, just by myself) in 1:54 and my legs were pretty dead at the end of it. I would estimate my marathon time to be closer to 4 hours. Are these predictions always this optimistic or have they been accurate for anyone?",1734186518.0,https://www.reddit.com/r/Garmin/comments/1he40by/how_accurate_is_the_race_predictor_in_your_opinion/,1.0,False,0.0,False,False
1he5h6i,"Just got an Instinct 2s! Which ""activity"" do you recommend selecting for my unique hobbies: caving, dirt bike riding, and on-road motorcycle riding?",2,1,SettingIntentions,"I'm super excited to track my heart rate and fitness! Of course I run &amp; hike also, but caving, enduro off-road riding, and on-road motorcycle riding aren't activity profiles on the Instinct 2s. 

I saw that I could create some ""other"" mode, I wonder does that work and then I can have it setup custom fields? For all of the above I do NOT care about distance tracking - I think it's an unnecessary use of battery. I just want to track my heart rate and heart rate zones which I suspect will give me a better idea of how long I'll need to recover after. 

For example some caving or riding trips can be sooo easy, but other trips can take days to recover from physically. 

So my main goal isn't in tracking altitude/distance, but in heart rate and HR zones and whatnot. ",1734190788.0,https://www.reddit.com/r/Garmin/comments/1he5h6i/just_got_an_instinct_2s_which_activity_do_you/,1.0,False,0.0,False,False
1he51jz,Nice little upgrade. Fenix 7 pro/ solar/ sapphire edition. ,2,0,TClem_07,,1734189532.0,https://i.redd.it/jrusqbbuzt6e1.jpeg,1.0,False,0.0,False,False
1hdfuf6,Just got my first frosty badge! Any tips for running in the snow?,133,22,Green-Honeydew-2998,,1734106854.0,https://i.redd.it/lkkn8hwz5n6e1.png,0.99,False,0.0,False,False
1hduf7y,Strava fitness going up up up but Garmin VO2 max never changes ,14,18,Strawberry_Spice,Is it broken? Am I medically dead? Something else? I run outdoors 5x a week sometimes much faster than I used to and still nada. ,1734148547.0,https://www.reddit.com/gallery/1hduf7y,0.72,False,0.0,False,False
1hdfrz7,"Fenix 8 Solar 51mm Review: A fantastic, end-game quality watch‚Ä¶if it weren‚Äôt for confounding, unforced problems",125,65,alycks,"There have been a few threads in the past few days asking about the Fenix 8 and whether we F8 owners are satisfied with our purchases. I thought I'd write up my quick impressions based on my very heavy usage as an ultrarunner and triathlete.

I've owned the following Garmin watches:

* Forerunner 645 Music
* Forerunner 945 LTE
* Epix 2
* Enduro 2
* Epix Pro
* Fenix 8 Solar

I'm also a borderline Garmin obsessive: I also own:

* Edge 1050
* HRM-Pro Plus
* Index S2 Scale
* Index S2 BPM (in the mail)

I've always been a very happy Garmin customer. I convinced my wife to upgrade from an Apple Watch to a Forerunner 265S, and a friend from his Galaxy watch to a Forerunner 965. This Fenix 8, however, is really testing the bounds of my loyalty. I went through three units until landing on one that was satisfactory:

1. Fenix 8 Solar - took absolutely forever to acquire a GPS signal. I wrote that up extensively [here](https://forums.garmin.com/outdoor-recreation/outdoor-recreation/f/fenix-8-series/387848/fenix-8-solar-47mm-takes-too-long-to-acquire-gps-signal---a-study).
2. Fenix 8 Solar - purchased to verify whether it was a hardware issue. This watch functioned normally, so I returned both of them.
3. Fenix 8 Solar - I wanted the larger case, so I bought this one and crossed my fingers that it would acquire GPS signal as quickly as every other Garmin watch I've ever owned.

This was made worse by the customer support at Garmin. One representative had the gall to tell me that ""3-5 minutes to acquire a GPS signal"" was perfectly within spec and that it wasn't eligible for a warranty exchange. Another rep told me I had to work through the retailer, a small business, for a refund. I had to pay return shipping.

That said, I love this watch. For my use case, the Fenix 8 Solar 51mm is an end-game kind of device. It's good enough to replace my Epix Pro and my Apple Watch Ultra. Or, at least, it would be. If it worked properly.

# Design: 10/10

I have owned lots of premium Garmin watches, including a MARQ Adventurer and Athlete for very brief periods of time. The Fenix 8 Solar looks better than all of them, including the MARQs. It looks muscular and refined. The 51mm Enduro 2 wore much larger on the wrist for some reason. The 51mm sits lower and more flush and has a smaller visual footprint. I love everything about this watch's design. The MARQ does look more refined, but it doesn't go with my ""athlesiure,"" GORP-core aesthetic as well. 

I prefer MIP to AMOLED from an aesthetic standpoint, at least on Garmin watches. Garmin's AMOLED standby, even on the Epix Pro, is too dim and in bright environments just looks like a black circle when the wrist is down. Funnily enough, Apple absolutely nails this. The AWU2 display looks wonderful indoors and outdoors. They do a much better job of adjusting the ambient brightness.

The MIP display looks like an actual watch, and is both easier to see in the sunlight and more subtle indoors. The Fenix 8 MIP screen is the best I've used on any watch.

I absolutely love the leak-proof dive buttons. I hope to own this watch for 8-10 years and the extra waterproof-edness gives me peace of mind.

# Sports and Health Performance: 9/10

Not much to say here, other than I actually do prefer the new UI to the old one. I find it more intuitive to use both during activities and general use. I also feel like the Fenix 8 is more accurate for lap swimming than the Epix Pro was, though it's possible I'm just better at swimming with it now.

I took off one point for poor heart rate accuracy during fast, short interval runs and strength training. I always wear a heart rate monitor so this absolutely never impacts me, but the AWU2 is noticeably better (though still not perfect) at this.

# Smartwatch/Lifestyle Features: 9/10

This is graded somewhat on a curve. I can't truly measure it against the AWU2 because such a comparison would not be on a level playing field. I have to measure it against the best possible smartwatch Garmin *could* make given the iOS context.

I upgraded, in part, due to the mic and speaker. Roughly 90% of my mic/speaker use on the AWU2 is setting timers and alarms and the Fenix 8 handles that very, very well with the Voice Commands (i.e., on-watch) feature.

The Phone Assistant feature is not very good, but I think that's mostly Apple's fault. It works for the rare occasions when my iPhone is in my backpack and I can't or don't want to pull it out to send a quick message. It's a far cry from the AWU2, but I don't hold that against Garmin. They had more control over the Voice Commands feature, and that was executed very well, I feel.

The LED flashlight is just about a must-have for me these days. Huge feature. Other than that, I use the Fenix 8 to look at my calendars, check the weather and tides, pay with Garmin Pay, and, y'know, check the time. I took one point off because the Phone Assistant UI is really slow and the watch doesn't always buzz when dictation is available.

Unlike many others, I actually find the health and slumber* tracking very accurate and useful. It tracks very closely with both my Apple Watch and my subjective slumber ratings. 

# Reliability: 4/10

This is the first Garmin I've ever owned that wasn't 99-100% reliable for its core feature: accurately tracking sports activities. For a while, the watch would reboot when saving an activity. This has been resolved, but I lost several runs this way.

Lately, the watch has been rebooting in weird moments during totally regular usage. I'm not running beta software or doing anything terribly niche: just changing sports and editing data screens.

If Garmin is going to charge $400 more than the AWU2, it needs to be more reliable. I'm still so unsure of this device that I'm always wearing my AWU2 on the other wrist now as a backup in case the Garmin fails to save an important event.

# Battery Life: 2/10

This is also graded on a curve, but the battery life is one of the three reasons I own a Garmin at all. Last Thursday night, before my Saturday marathon, I charged the watch to 100%. In the past week I have averaged 44m of GPS activities plus a few swims and indoor trainer rides. Battery life today is 14%. That's 86% drain in 8 days for a total expected battery life of 9.3 days.

I'm not exactly sure how Garmin expects us to swallow that kind of performance. My Enduro 2, under arguably heavier use, would last 3 weeks, minimum. In the summertime, with open water swimming and outdoor running, and thus plenty of solar charging, I once went 28 days on the Enduro 2. Nine days is embarrassing and unacceptable.

# Overall: 6/10 (as-is), 9/10 (hopeful), so 8/10 for now

I'm giving the watch an ""aspirational"" grade, which you might disagree with. It seems to me that the two main issues I'm suffering from are fixable through software updates and optimizations. When I think about the watch as a whole, the following things stick out to me:

* The launch and purchasing process of this watch was frustrating, time-consuming, and will always be a stain on Garmin in my mind. Garmin has always been a fantastic company to work with. There were so many unforced errors in the launch of this watch and I spent so much time troubleshooting a defective unit and dealing with shipping back replacement devices.
* I've never before questioned whether my watch would successfully save an activity. I didn't dare run my marathon this past weekend, my first ever road marathon, without a backup watch, because I don't fully trust the Fenix 8 yet. Garmin should be fairly ashamed of this fact when every other Garmin I've ever used has been rock-solid.
* I've never been happier with the look and feel of a Garmin watch. It looks and feels premium and badass.
* It's still clear how dedicated Garmin is to endurance athletes. I love all the features of the watch, even the ""gee, whiz"" ones like Endurance Score.
* The LED flashlight. Not only do I use it almost every day, it saved my ass on one occasion on a sub-freezing, pre-dawn trail run when my headlamp conked out.
* Garmin charges $1,200 for this watch and advertises 30 days of smartwatch usage, or 48 days with solar charging. I used to own an $1,100 Enduro 2 which nailed those benchmarks easily. A paltry 9-12 days is downright embarrassing.

I'm rooting for this watch to get better over time. Hopefully Garmin manages to improve the battery life and reliability issues. Until then, I'm not sure I'd recommend it to anyone over the Fenix 7 Pro. The potential Fenix 8 buyer would run the risk of ending up with an unreliable, battery-poor device that might take a long time to acquire a GPS signal and not always save activities. 

The Fenix 7 Pro is a slam dunk. The Fenix 8 Solar, while in all other regards a superior device, cannot satisfactorily perform its core features of (i) activity tracking and (ii) battery life.

*This sub won‚Äôt let me post if the text contains the word, ‚Äúsle3p,‚Äù among others. Which is stupid. ",1734106674.0,https://i.redd.it/ik0u1xcg5n6e1.jpeg,0.91,False,0.0,False,False
1hdyfak,What‚Äôs going on,6,4,pankul2002,"Last night i was walking in some event and intensity minute when up abnormally, today i didn‚Äôt do anything active but my intensity minute isn‚Äôt stop since last night, what‚Äôs going on and how can i fix it?",1734164486.0,https://i.redd.it/ij0udnvcxr6e1.jpeg,1.0,False,0.0,False,False
1hdjjjq,Get yourself a HRM if you want accurate HR,61,57,Manycawa1,"Same workout, one with a HRM Pro and the other without. For those who Garmin is always telling you you‚Äôre ‚Äúoverreaching‚Äù, yet you don‚Äôt feel that way, get yourself a HRM.  Check out the difference in ‚ÄúTraining Effect‚Äù!

FR965
Played tennis for same amount of time, same conditions and same opponent. The tennis matches were not taxing at all. 
",1734116505.0,https://www.reddit.com/gallery/1hdjjjq,0.87,False,0.0,False,False
1he0zdn,"Hi l, I did a park run with my Fenix 8 had gps settings to multi system all band. It said I only did a 4k run why is this. The map accuracy is correct but distance and pace was well of ? ",3,18,Nesbeth1989c,,1734175547.0,https://i.redd.it/w18v3989us6e1.jpeg,0.8,False,0.0,False,False
1he730w,Tacx and epix 2,1,0,Baystars2021,"Just bought an epix 2 sapphire and considering a tacx trainer, but some models don't show compatibility with the epix on the Garmin site. Are they compatible and just not listed?",1734195327.0,https://www.reddit.com/r/Garmin/comments/1he730w/tacx_and_epix_2/,1.0,False,0.0,False,False
1he6liy,Your Instinct setup? ,1,0,wastemylifeaway,"What is your Instinct setup? Comment a picture with your watchface and explain the features that you use. What's your quick buttons? 

Just bought mine today. I switched from a Forerunner 165. Any help appreciated! ",1734193949.0,https://www.reddit.com/r/Garmin/comments/1he6liy/your_instinct_setup/,1.0,False,0.0,False,False
1he6aw0,GPS not recording on Fenix 5,1,0,med_dave,"My last two runs haven't recorded GPS properly. Records the start and finish, but didn't record the track? Gives me distance, elevation, HR data etc just doesn't draw the map. Garmin fenix 5. Never had this problem before. Just returned from Australia if that makes any difference? Can anyone help? 
https://connect.garmin.com/modern/activity/17758202786
https://connect.garmin.com/modern/activity/17729436265",1734193109.0,https://www.reddit.com/r/Garmin/comments/1he6aw0/gps_not_recording_on_fenix_5/,1.0,False,0.0,False,False
1he5rgi,Web Browser - Garmin Connect,1,1,JohnB802,"I like to use the web browser version of Connect.  Does anyone else use that, and do you get the prompt for the security code that they email you?  It's annoying as hell.  I find it easier to get into my online banking app than this Garmin app.  For a while it stopped requiring the code if I did not check off ""remember this computer"" on the login screen.  But recently it started doing it on every login. And, sending two emails with two different codes!!  I just use the second one.

Is there a way to disable this ""feature""?",1734191596.0,https://www.reddit.com/r/Garmin/comments/1he5rgi/web_browser_garmin_connect/,1.0,False,0.0,False,False
1he5rcp,I tried interval training for the first time - but till did not classify as Anaerobic activity?,1,5,Far_Cryptographer593,"I have been doing 10-15h/week of zone 2 cardio the last month and the app suggested me to include more Anaerobic activities. So I started with a warmup on the treadmill and then sprinted for 2 minutes and then walked for 3 minutes. I repeated this 11 times. I was surprised that the Anaerobic training effect was only 0.1.

What did I do ""wrong""? 

https://preview.redd.it/0hq94kgg5u6e1.png?width=256&amp;format=png&amp;auto=webp&amp;s=d1c9ec3ef6105913c59b31d59b038d7487961ce9

https://preview.redd.it/st16xucj5u6e1.png?width=258&amp;format=png&amp;auto=webp&amp;s=2ffa2eefd4063da58036a2558b8b1aea185d9f40

",1734191587.0,https://www.reddit.com/r/Garmin/comments/1he5rcp/i_tried_interval_training_for_the_first_time_but/,1.0,False,0.0,False,False
